<?xml version="1.0" encoding="UTF-8"?>
<beans xmlns="http://www.springframework.org/schema/beans"
	xmlns:xsi="http://www.w3.org/2001/XMLSchema-instance"
	xmlns:util="http://www.springframework.org/schema/util"
	xmlns:c="http://www.springframework.org/schema/c"
	xmlns:p="http://www.springframework.org/schema/p"
	xsi:schemaLocation="http://www.springframework.org/schema/beans http://www.springframework.org/schema/beans/spring-beans.xsd
		http://www.springframework.org/schema/util http://www.springframework.org/schema/util/spring-util.xsd">

	<!-- ==================================================================== -->
	<!-- Spring Idol talent compitition class -->
	<!-- ==================================================================== -->
	<bean id="springIdol" class="springidol.SpringIdol">
		<property name="performers">
			<list>
				<ref bean="duke" />
				<ref bean="kenny" />
				<ref bean="hank" />
				<ref bean="lena" />
				<ref bean="suhyun" />
			</list>
		</property>
	</bean>

	<!-- ==================================================================== -->
	<!-- Performers -->
	<!-- ==================================================================== -->
	<bean id="duke" class="springidol.PoeticJuggler">
		<constructor-arg ref="sonnet29" />
	</bean>

	<bean id="kenny" class="springidol.Instrumentalist">
		<property name="song" value="Jingle Bells" />
		<property name="instrument" ref="guitar" />
	</bean>

	<bean id="hank" class="springidol.OneManBand">
		<property name="instruments">
			<map>
				<entry key="HARMONICA" value-ref="harmonica" />
				<entry key="CYMBAL" value-ref="cymbal" />
				<entry key="SAXOPHONE" value-ref="saxophone" />
			</map>
		</property>
	</bean>

	<bean id="someone" class="springidol.Song">
    	<property name="title" value="Someone Like You" />
		<property name="artist" value="Adele" />
	</bean>
	
	<bean id="spring" class="springidol.Song">
		<property name="title" value="Spring Day" />
		<property name="artist" value="BTS" />
	</bean>
	    
    <bean id="lena" class="springidol.Singer">
        <constructor-arg value="Lena Park" />
		<constructor-arg ref="someone" />
	</bean>

	<bean id="suhyun" class="springidol.Singer">
		<constructor-arg value="Suhyun" />			
		<constructor-arg value="#{lena.song}" />  <!-- ref="someone"과 동일 -->		
		<constructor-arg ref="piano" />		
	</bean>
	
	<bean id="encore" class="springidol.Encore">
		<property name="encorePerformer"
			value="#{springIdol.performers[
						T(java.lang.Math).random()*springIdol.performers.length
					]}" />
	</bean>

	<bean id="sonnet29" class="springidol.Sonnet29" />

	<!-- ==================================================================== -->
	<!-- Instruments performers can use -->
	<!-- ==================================================================== -->
	<bean id="harmonica" class="springidol.Harmonica" />
	<bean id="cymbal" class="springidol.Cymbal" />
	<bean id="guitar" class="springidol.Guitar" />
	<bean id="saxophone" class="springidol.Saxophone" />
	<bean id="piano" class="springidol.Piano" />
</beans>